{"cameraMode":{"drawMode":2,"name":"Shaded Wireframe","section":"Shading Mode"},"sceneLighting":true,"audioPlay":false,"sceneViewState":{"showFog":true,"showMaterialUpdate":false,"showSkybox":true,"showFlares":true,"showImageEffects":true,"showParticleSystems":true},"in2DMode":false,"pivot":{"x":0.0037658512592315675,"y":1.5635066032409669,"z":-0.14131879806518556},"rotation":{"x":-0.05219165235757828,"y":0.9067960977554321,"z":-0.11791536957025528,"w":-0.40136533975601199},"size":2.0575051307678224,"orthographic":false}