{"cameraMode":{"drawMode":0,"name":"Shaded","section":"Shading Mode"},"sceneLighting":true,"audioPlay":false,"sceneViewState":{"showFog":true,"showMaterialUpdate":false,"showSkybox":true,"showFlares":true,"showImageEffects":true,"showParticleSystems":true},"in2DMode":false,"pivot":{"x":0.20719558000564576,"y":1.2098010778427125,"z":-3.0629568099975588},"rotation":{"x":0.0020866934210062029,"y":0.9975431561470032,"z":-0.06203608587384224,"w":0.03352615237236023},"size":3.5399837493896486,"orthographic":false}