{"cameraMode":{"drawMode":0,"name":"Shaded","section":"Shading Mode"},"sceneLighting":true,"audioPlay":false,"sceneViewState":{"showFog":true,"showMaterialUpdate":false,"showSkybox":true,"showFlares":true,"showImageEffects":true,"showParticleSystems":true},"in2DMode":false,"pivot":{"x":-0.013066833838820458,"y":1.7122526168823243,"z":0.02755790948867798},"rotation":{"x":0.00023384028463624418,"y":0.9997746348381043,"z":0.019188454374670984,"w":-0.01170104555785656},"size":0.5475929975509644,"orthographic":false}