{"cameraMode":{"drawMode":0,"name":"Shaded","section":"Shading Mode"},"sceneLighting":true,"audioPlay":false,"sceneViewState":{"showFog":true,"showMaterialUpdate":false,"showSkybox":true,"showFlares":true,"showImageEffects":true,"showParticleSystems":true},"in2DMode":false,"pivot":{"x":0.006336330436170101,"y":1.7251886129379273,"z":0.025247961282730104},"rotation":{"x":0.04604664444923401,"y":0.9436229467391968,"z":-0.148711696267128,"w":0.29220789670944216},"size":2.79467511177063,"orthographic":false}